NER,src
"organism function", ADAR
"toys used in purposeful manner", Plos General
"possible showing by bringing and directing attention but not sufficient frequent", ADAR
"prefers isolated/autonomous activities; no close friends", Plos General
"some attempts to share enjoyment", ADAR
"ability to convey appropriate level of detail", ASDPTO,ADAR
"preoccupation with parts of objects", Plos General
"task performance", ASDPTO,ADAR
"he does not spontaneously seek to share interests or achievements with other people", Plos General
"development of spoken speech", ADAR
"severe delay in socializations", Plos General
"tics and mannerisms", ASDPTO,ADAR
"temporal instant", ADAR
"repetitive stereotypical phrases such as 'you bet'", Plos General
"obstetric complications", ADAR
"human-caused phenomenon or process", ADAR
"conditional probability", ADAR
"tendency to say things in ritualized way", ADAR
"insistence on sameness", Plos General
"frequent spontaneous and varied offers to share objects", ADAR
"control of emotional reactions", ASDPTO,ADAR
"impairment of social or emotional reciprocity", ADAR
"rarely maintained eye contact", Plos General
"no clear history of interactive play with other children", Plos General
"no use of neologisms or idiosyncratic language", ADAR
"moving foot in stereotypic manner", Plos General
"initiating social interactions", Plos General
"abnormal speech due to other impairment", ADAR
"bipolar disorder", ASDPTO
"conventional or instrumental gestures", ADAR
"finger-play behavior", Plos General
"engaging in some repetitive behaviors", Plos General
"speaking in third person", Plos General
"pattern recognition and rendering", ASDPTO,ADAR
"autism high level visualizer", ADAR
"body posturing", Plos General
"sleeping problems", ASDPTO
"verbal rituals notavailable", ADAR
"two dimensional region", ADAR
"does not show any interest in peer relations", Plos General
"answers virtually no questions in a meaningful manner", Plos General
"spontaneous imitation of actions", ADAR
"solitary play", Plos General
"abnormal idiosyncratic negative response to specific sensory stimuli", ADAR
"starring blankly into space", Plos General
"needing to get out of car in certain way, touching walls in rooms", Plos General
"understanding others' expectations", ASDPTO
"unresponsive to requests", Plos General
"does not initiate conversation", Plos General
"eye contact is present about 1/2 of time", Plos General
"difficulty with conversational skills", Plos General
"child always different", ADAR
"gastroesophageal reflux", ASDPTO
"head banging on floor repeatedly", Plos General
"specifically dependent continuant", ADAR
"joint attention", ASDPTO,ADAR
"his interactions with others tends to be quite limited", Plos General,Plos General
"receptive lexicon", ASDPTO,ADAR
"inconsistent spontaneous use", ADAR
"social interaction disorder", Plos General
"play was simple and repetitive, indeed perseverative", Plos General
"limited play", Plos General
"she is not seeking social interactions", Plos General
"enjoys watching spinning fans", Plos General
"no meaningful language", Plos General
"some finger waving by eye", Plos General
"started using toys", Plos General
"does not interact with other children", Plos General
"initiating and responding to social overtures", ASDPTO,ADAR
"did show evidence of initiating an interaction", Plos General
"usually resists undertaking any activity", Plos General
"money management", ASDPTO,ADAR
"never looks you in the eye", Plos General
"no interest in playing with others", Plos General
"abnormal craving", Plos General
"setting up, knocking down objects repeatedly", Plos General
"appropriateness of social responses na", ADAR
"occasional hand and finger mannerisms", ADAR
"onset of symptoms", ASDPTO
"facial expressions", ASDPTO,ADAR
"is seeking social interactions", Plos General
"unable to speak in sentences", Plos General
"stereotyped, restricted, and repetitive behavior", ASDPTO
"language delayed", Plos General
"definite unusual reaction to trivial changes in the environment", ADAR
"could not be engaged in social interaction", Plos General
"no use of others body to communicate", ADAR
"initiating social interaction", ASDPTO,ADAR
"unusual attachment so intrusive that it prevents many everyday activities", ADAR
"hand movements", Plos General
"markedly limited facial expression range", ADAR
"development possibly within normal limits during first 3 years", ADAR
"loss of language skills associated with illness", ADAR
"repeating non-sense sounds", Plos General
"dietary restrictions", ASDPTO
"likes to have something in hand which he tends to fondle and tear up", Plos General
"difficult to engage in spontaneous conversation", Plos General
"consistently shakes head spontaneously", ADAR
"sometimes shakes head spontaneously", ADAR
"repeated certain words over and over", Plos General
"little or no spontaneous communication", ADAR
"no difficulties with minor changes in own subjects own routines", ADAR
"some play with other children but no pretending", ADAR
"attachment to an unusual object causes significant distress on separation", ADAR
"reading and writing", ASDPTO,ADAR
"some activities with unusual fixed sequences", ADAR
"acquisition of bladder control nighttime", ADAR
"she is not interactive", Plos General
"flexibility in problem solving", ASDPTO,ADAR
"no verbal rituals", ADAR
"stopped using toys", Plos General
"performance of chores", ASDPTO,ADAR
"inappropriate giggling", Plos General
"scattered spatiotemporal region", ADAR
"withdrawal from social contact", Plos General
"hand waving", Plos General
"purposive hand movements definite loss", ADAR
"information content entity", ADAR
"repeatedly putting puzzles together", Plos General
"spatiotemporal instant", ADAR
"spatiotemporal interval", ADAR
"great deal of echolalia", Plos General
"task initiation", ASDPTO,ADAR
"distress if parents drive different way to grandmother's house", Plos General
"loss of skills certainty", ADAR
"his play is described as intense", Plos General
"impairment of social behavior", ADAR
"requires that his brother say exact same words each night during the bedtime ritual", Plos General
"awareness of harmful social situations", ASDPTO,ADAR
"sometimes responsive to other childrens approaches", ADAR
"high pitched quality of speech", Plos General
"preoccupation with trash, bathrooms, memorizing birthdays", Plos General
"watching wheels of trucks", Plos General
"doesn't socially interact", Plos General
"transitioning ability", ASDPTO,ADAR
"hair flicking", Plos General
"shows interest in toys", Plos General
"receptive phonology", ASDPTO,ADAR
"recognition of social norms", ASDPTO,ADAR
"agrees to interact with other children", Plos General
"delayed language", Plos General
"language acquisition", ADAR
"other complex mannerisms or stereotyped body movements", ADAR
"notavailable reciprocal conversation", ADAR
"hair pulling", Plos General
"low insistence on sameness", ADAR
"motor skills definite loss", ADAR
"communication verbal", Plos General
"imaginative play with peers notavailable", ADAR
"communicates by grunting, screaming, crying", Plos General
"eye contact less than optimal", Plos General
"picking at objects until disassembled", Plos General
"ability to converse in social settings", ASDPTO,ADAR
"repetitive mannerisms described", Plos General
"fiat object part", ADAR
"likes playing with boxes, will line them up in a stereotypical manner and will walk around and look at them", Plos General
"unintelligible speech", Plos General
"one or more activities that subject has to preform in a special way if disrupted appears to be under pressure", ADAR
"an interest in infant toys", ADAR
"motor skills possible loss", ADAR
"ignoring questions", Plos General
"play was simple and repetitive", Plos General
"only occasional complex mannerisms or stereotyped body movement", ADAR
"occasionally watches other children but almost never tries to approach", ADAR
"prosodic contour odd, generally high in pitch", Plos General
"ritualized behaviors", Plos General
"interest in children notavailable", ADAR
"likes to watch the mixer", Plos General
"occasional reciprocal conversation", ADAR
"self help skills possible loss", ADAR
"did not show any evidence of initiating an interaction", Plos General
"deliberate self harm", Plos General
"skill in understanding non-literal meaning", ASDPTO,ADAR
"flat facial expression", Plos General
"restricted ability to initiate contact", Plos General
"obsessed with elevators, writing, and drawing", Plos General
"routines very important; if altered he becomes agitated", Plos General
"engages in creative play", Plos General,Plos General
"marked difficulty to control", ADAR
"talks / answers himself in a different voice", Plos General
"stacking books, touching rituals", Plos General
"language has always been delayed", Plos General
"consistently and persistently avoids approaches of other children", ADAR
"frequent use of inappropriate questions or statements", ADAR
"he has very little in the way of sentences", Plos General
"occasional cheekiness or dishibition more than others", ADAR
"loss of spontaneous use of at least five meaningful words", ADAR
"difficult to obtain or maintain eye contact", Plos General
"job performance", ASDPTO,ADAR
"control acquisition", ADAR
"no definite loss of communicative intent", ADAR
"engagement in social activities", ASDPTO,ADAR
"not playing interactively", Plos General
"will not play with others", Plos General
"acting before thinking", ASDPTO,ADAR
"body rocking", Plos General
"speech often shrill / high pitched when excited", Plos General
"connected temporal region", ADAR
"neurodegenerative diseases", ASDPTO
"sexual issues", ASDPTO
"no peer relationships that involve selectivity and sharing", ADAR
"socially isolated", Plos General
"turning / twirling objects", Plos General
"often perseverated with a word for days at a time", Plos General
"she will stare at books or wrap string around fingers for hours", Plos General
"auditory self-stimulation - singing, vocalizations", Plos General
"purposive hand movements no loss", ADAR
"runs in circles", Plos General
"unusually negative reaction to trivial changes in the environment", ADAR
"did not initiate any contact", Plos General
"does spontaneously seek to share interests or achievements with other people", Plos General
"slapping himself", Plos General
"regular use of others hand as a tool", ADAR
"predictable abnormal idiosyncratic negative response to one or more sensory stimuli with mild reaction", ADAR
"some toandfro social play", ADAR
"number of instances of idiosyncratic movements with his hands", Plos General
"stub for nif behavioral process", ADAR
"eye contact is observed 3 times during 45 minute interview", Plos General
"no hand and finger mannerisms", ADAR
"regular use of neologisms or idiosyncratic ways of saying things", ADAR
"nervous system diseases", ASDPTO
"never developed normal speech or language", Plos General
"sensitivity to conversant", ASDPTO,ADAR
"emotional outbursts", ASDPTO,ADAR
"won't play with other kids", Plos General
"practices spinning, twirling his body", Plos General
"walking on toes", Plos General
"developmental process", ADAR
"shaking of hands, shuddering", Plos General
"unable to ask for things using words", Plos General
"quality of social overtures", ADAR
"repetitive flexion / extension movements of his fingers", Plos General
"talking to self", Plos General
"not delayed walked unaided", ADAR
"emotional regulation and control", ASDPTO,ADAR
"language milestones quite delayed", Plos General
"sensory intolerance", Plos General
"down syndrome", ASDPTO
"pacing in circles", Plos General
"makes very little eye contact", Plos General
"palilalia", Plos General
"somewhat limited facial expression range", ADAR
"poor social skills or interest in social interaction with peers", Plos General
"neologisms idiosyncratic language notavailable", ADAR
"emotional reciprocity capability", ADAR
"development definitly abnormal in the first 3 years not unambiguously autistic at that age", ADAR
"unusual preoccupation that does not interfere with significant activities", ADAR
"he engages in little cooperative play", Plos General
"hearing loss", ASDPTO
"normal speech", ADAR
"self-directed behavior", Plos General
"pervasive child development disorders", ASDPTO
"muscular dystrophy", ADAR
"has watched particular video 100-200 times", Plos General
"hitting jaw with hand to click teeth", Plos General
"lining up pictures of presidents", Plos General
"initiates play behavior", Plos General
"cognitive ability", ASDPTO,ADAR
"continues to manifest atypicalities in interactional style and language pattern", Plos General
"limited in interactions with other children", Plos General
"preoccupation with narrowly focused interest", Plos General
"language skills limited", Plos General
"echo speech", Plos General
"indifference to pain", Plos General
"marked impairment in language", Plos General
"word acquisition", ADAR
"quantitative value", ADAR
"response to approaches of other children", ADAR
"has some language difficulties as well as flipping words in sentences and difficulty with pronunciation", Plos General
"fragile x syndrom", ADAR
"use of jargon", Plos General
"crohn disease", ASDPTO
"phrase acquisition", ADAR
"self destructive behavior", Plos General
"does not consistently appear to pay attention", ADAR
"he avoided eye contact with examiner", Plos General
"does not like to be touched", Plos General
"no evidence of creative play", Plos General
"lining up toys", Plos General,Plos General
"voluntary interaction with therapist", Plos General
"mimics sounds", Plos General
"profound fascination for water, balloon", Plos General
"high repetitive sensory motion", ADAR
"minimal interaction with peers", Plos General
"self-abusive behavior", Plos General
"difficulties with minor changes in subjects own routines or personal environment", ADAR
"general loss of skills", ADAR
"has great difficulty interacting with other children", Plos General
"stereotypical motor behavior", Plos General
"pays little attention to family or examiner", Plos General
"repetitive rocking movements", Plos General
"does not establish eye contact", Plos General
"uses examiner's hand as tool", Plos General
"anxiety disorders", ASDPTO
"unusuall or odd gaze", ADAR
"definite abnormal wringing hand movements mainly in the midline", ADAR
"enjoys parallel active play but little or no cooperative play", ADAR
"expressionless face", Plos General
"socially interacts", Plos General
"withdrawal; social", Plos General
"notavailable social verbalization", ADAR
"has to be drawn into interactions with other children", Plos General
"never shakes head spontaneously", ADAR
"moderate impairment in pragmatic language", Plos General
"arm flapping", Plos General
"social communication disorder", Plos General
"delays speech", Plos General
"resistant to change", Plos General
"ability to initiate speech", ADAR
"turning light switch on and off repeatedly", Plos General
"no intelligible speech", Plos General
"stereotypic vocalization", Plos General
"constructive or imaginative play", ADAR
"repetitious behavior", Plos General
"toe walking", Plos General
"newborn exposures", ASDPTO
"community life skills", ASDPTO,ADAR
"understanding logical progression", ASDPTO,ADAR
"initiates very little in the way of play behavior", Plos General
"difficulty conveying wants & needs with language", Plos General
"use of others body to communicate", ADAR
"preoccupation with spinning wheels", Plos General
"does not play with toys", Plos General
"some participation in pretend play with another child", ADAR
"perseverative play", Plos General
"eye contact very poor", Plos General
"social withdrawal", Plos General,Plos General
"compulsive behavior", ASDPTO,ADAR
"has made few if any friends", Plos General
"no indication of affect in his face", Plos General
"not spontaneously engaging in other children", Plos General
"rarely shows social intentionality involving eye gaze or vocalization", ADAR
"often usesorused stereotyped itterances with productive language as well", ADAR
"very demanding of sameness", Plos General
"engaging in some repetitive behavior", Plos General
"delayed speech and language", Plos General
"lacks social skills (poor, impaired, limited)", Plos General
"can perform unexpected action with unexpected object when requested", ADAR
"cri-du-chat syndrome", ASDPTO
"fans the pages of a book 20 minutes at a time", Plos General
"carefully scrutinizes parts of toys", Plos General
"repetitively labeling objects", Plos General
"has to say one or more things in a special way", ADAR
"analytic capability", ASDPTO,ADAR
"he arranges his cars over and over again in lines", Plos General
"he has no social interaction with other children", Plos General
"no friends", Plos General
"enjoys spinning", Plos General
"licking carpet during exam", Plos General
"hand flapping when excited", Plos General
"expressive semantics", ASDPTO,ADAR
"pathologic function", ADAR
"imaginative cooperative play with other children in spontaneous pretend activities", ADAR
"physiologic function", ADAR
"attention to voice notavailable", ADAR
"understanding others expectations", ADAR
"restricted range of interests", ASDPTO,ADAR
"manic - pacing", Plos General
"involve seeking of contact in group situation within personal relationships", ADAR
"appropriate and spontaneous use", ADAR
"no friends in his peer group", Plos General
"does not interact with peers", Plos General
"some attachment to slightly unusual object", ADAR
"use of some questions or statements regardless of situation", ADAR
"abnormality of toe walking", Plos General
"language ability", ASDPTO,ADAR
"overactivity", ASDPTO
"likes to tie things together", Plos General
"avoiding any eye contact", Plos General
"direct gaze not available", ADAR
"preoccupation of patterns of doing things", Plos General
"no general sensitivity to noise", ADAR
"special interest of unusual degree", ADAR
"copying (learning)", Plos General
"strange or illogical ideas", ASDPTO
"inflexible adherence to routines or rituals", Plos General
"some spontaneous offers to share limited in number", ADAR
"unable to sustain conversation", Plos General
"temporal region", ADAR
"pacing up and down", Plos General
"emotional swings", ASDPTO,ADAR
"lining up, grouping toys", Plos General
"performance in school", ASDPTO,ADAR
"does not play with others", Plos General
"uses hand as tool", Plos General
"savant negative", ADAR
"understanding context", ASDPTO,ADAR
"occasions in which he will demonstrate repetitive movements", Plos General
"development definitly abnormal in the first 3 years strongly indicative of autism", ADAR
"no or rare use of inappropriate questions or statements", ADAR
"slight sensitivity to noise", ADAR
"medium repetitive sensory motion", ADAR
"likes to play by himself", Plos General
"no midline hand movements", ADAR
"rarely responds although hearing normal", ADAR
"lip smacking", Plos General
"problems not present before third birthday", ADAR
"predictable abnormal idiosyncratic negative response to one or more sensory stimuli with substantial interference with family routines", ADAR
"interacted with examiner in pleasant, but disengaged, manner", Plos General
"not engaging socially", Plos General
"learning imitation", Plos General
"rote phrases", Plos General
"unusual attachment to objects", ADAR
"social use of language was below expectations", Plos General
"ulcerative colitis", ASDPTO
"does not make good eye contact", Plos General
"facial expressions constricted, and eye contact", Plos General
"primary diagnosis", ASDPTO
"likes to watch objects spin", Plos General
"head banging", Plos General
"stereotyped restricted and repetitive behavior", ADAR
"little or no smiling at people", ADAR
"mental disorders", ASDPTO
"stereotyped utterances and delayed echolalia", ADAR
"color perception", ASDPTO,ADAR
"delayed word", ADAR
"marked impairment of interpersonal relations", Plos General
"desire for sameness, some intolerance for change", Plos General
"enamored of television country music station, will watch for 2-3 hours (note: issue is not time it's the 'enamored/perseverative' issue)", Plos General
"quality of performed task", ASDPTO,ADAR
"occasional use of neologisms or idiosyncratic words and phrases", ADAR
"difficulty with concrete speech and language", Plos General
"imitation (learning)", Plos General
"post-traumatic stress disorders", ASDPTO
"rarely says any words", Plos General
"very limited in the quality of social interaction with other children", Plos General
"craving unusual or nonfood items", Plos General
"object boundary", ADAR
"labor presentation", ASDPTO
"smells everything", Plos General
"general disregard in social interaction", Plos General
"never nods spontaneously", ADAR
"rarely makes eye contact", Plos General
"showing and directing attention notavailable", ADAR
"mood disorders", ASDPTO
"engages in no definite social play with age mates", Plos General
"no attachment or attachment only to cuddly object used as comforter", ADAR
"learning disorders", ASDPTO
"totally unresponsive to efforts to engage him interpersonally", Plos General
"group play with peers notavailable", ADAR
"makes very poor eye contact", Plos General
"social disconnectedness", Plos General
"preoccupied with living things", Plos General
"no effort to initiate play with other children", Plos General,Plos General
"occasional and or fewer than five words", ADAR
"ability to convey feelings", ASDPTO,ADAR
"raising one of his arms", Plos General
"digestive complaints", ASDPTO
"eye contact mildly diminished", Plos General
"problems not present before fourth birthday", ADAR
"quality of social overtures notavailable", ADAR
"initiates contact with friends", Plos General
"lining up cars", Plos General
"stereotyped phrases", Plos General
"idiosyncratic language abnormalities", Plos General
"full facial expression range", ADAR
"little evidence of pretend / creative play", Plos General
"showing and directing attention", ADAR
"medications during pregnancy", ASDPTO
"midline hand movements", ADAR
"sometimes share if requested", ADAR
"adherence to rules in the home", ASDPTO,ADAR
"very little verbal response", Plos General
"perseverative behaviors", Plos General
"few or no attempts to share enjoyments", ADAR
"often watches other children and sometimes approaches them ot gets attention", ADAR
"obsessively focused on books, videos, and pictures", Plos General
"never playing with other children", Plos General
"need to touch walls in certain places at certain times of the day", Plos General
"occasional brief eye contact", Plos General
"initiates only limited social exchanges", Plos General
"no verbal communication", Plos General
"preoccupation with fire", Plos General
"play with toys was without imaginative control", Plos General
"obsessive-compulsive disorder", ASDPTO
"prefers parallel play", Plos General
"language consists of 'barney' and ' no'", Plos General
"no symbolic play", Plos General
"expressive phonology", ASDPTO,ADAR
"expressive morphology", ASDPTO,ADAR
"seeks no play that involves participation in groups of other children", ADAR
"constructive or imaginative play possible loss", ADAR
"fascinated by parts of objects", Plos General
"responsiveness to social advances", ASDPTO,ADAR
"urogenital diseases", ASDPTO
"sleep disorders", ADAR
"will repeatedly toss blocks to floor and watch them scatter", Plos General
"his favorite activity is to walk around waving coat hangers in front of himself", Plos General
"using language appropriately", ASDPTO,ADAR
"waving things in front of his face", Plos General
"meaningful interaction with toys", Plos General
"will not interact in a socially meaningful manner", Plos General
"skill in understanding humor", ASDPTO,ADAR
"social interaction very limited", Plos General
"some indication of spontaneous imitation that goes beyond copying a frequent use of an object", ADAR
"undue general sensitivity to noise", ADAR
"problems not present before second birthday", ADAR
"constructive or imaginative play definite loss", ADAR
"refusal to interact with other children", Plos General
"arranging objects in straight line", Plos General
"minimal eye contact", Plos General
"landau-kleffner syndrome", ASDPTO
"interacts with other children", Plos General
"insufficient language to show change syntactycal skills", ADAR
"purposive hand movements possible loss", ADAR
"restricted interest in play", Plos General
"seeking to share herhis enjoyment with others", ADAR
"inflammatory bowel diseases", ASDPTO
"his understanding of pragmatic language appears to be quite limited", Plos General
"attachment to shooter comforter or other unusual object beyond age", ADAR
"he seems very fixated on doing things in his own order", Plos General
"makes little eye contact", Plos General
"still not able to initiate a social interaction", Plos General
"mostly watches other children", Plos General
"clothing self", ASDPTO,ADAR
"moderate eye contact", Plos General
"non-communicating child", Plos General
"lack of eye contact", Plos General
"interactions with friends and family", ASDPTO,ADAR
"does not engage or play with other children normally", Plos General,Plos General
"facial expressions obviously inappropriate in several different situations", ADAR
"delayed speech and language development", Plos General
"impairment of peer relationships", Plos General
"poor eating behavior", ASDPTO,ADAR
"plays with toys", Plos General
"speech limited", Plos General
"communication capability", ADAR
"appropriate response to overtures by familiar and unfamiliar adults", ADAR
"rarely or never responds to the approach of even a familiar child", ADAR
"cerebral palsy", ASDPTO
"obstetric delivery complications", ASDPTO
"fixation on certain objects and colors", Plos General
"no compulsions or rituals", ADAR
"marked social disinhibition appears unaware of social cues and social requirements", ADAR
"no eye contact with examiner", Plos General
"hand and finger mannerisms", ADAR
"skin indications", ASDPTO
"lost language skills after acquisition", ADAR
"picking at wallpaper until whole room is free of wallpaper", Plos General
"problems not present before sixth birthday", ADAR
"normal social inhibition", ADAR
"memorizes lines and dialogue from movies and stories", Plos General
"occasional spontaneous pretend actions or highly repetitive pretend play", ADAR
"eye contact moderately reduced", Plos General
"content of speech seems lacking much of the time", Plos General
"environmental effect of humans", ADAR
"eye contact is present only sporadically; exhibits social smile only sporadically", Plos General
"lining up objects", Plos General
"some stereotypic movements observed", Plos General
"repetitive use of objects or interest in parts of objects", ADAR
"unable to maintain conversation", Plos General
"problems not present before fifth birthday", ADAR
"drug abuse", ASDPTO
"clear-cut abnormalities in area of social interaction", Plos General
"no word", ADAR
"pretty much a loner", Plos General
"fascination with spinning fans", Plos General
"age when abnormality first evident", ADAR
"decision making ability", ASDPTO,ADAR
"preparation of food", ASDPTO,ADAR
"facial expressions slightly or occasionally inappropriate or odd", ADAR
"limited expressive language", Plos General
"respiratory indications", ASDPTO
"motor jerks (stereotypical or repetitive - not a tic)", Plos General
"definite loss of five meaningful words use", ADAR
"atypical stereotypic motor mannerisms", Plos General
"no interest in peers", Plos General
"play with toys is not very functional", Plos General
"little in the way of social interactive play", Plos General
"interest in peers", Plos General
"hand / finger wiggling", Plos General
"he is not involved in interactive play", Plos General
"interviewers judgment on age when developmental abnormalities probably first manifest", ADAR
"little toandfro social play", ADAR
"does not respond to pain appropriately", Plos General
"pronominal reversal notavailable", ADAR
"atypical prosody", Plos General
"likes to do puzzles over and over again", Plos General
"eye contact only fleetingly achieved", Plos General
"object aggregate", ADAR
"he can become fixated on an activity to the point that it is impossible to redirect him", Plos General
"unintelligible vocalizations", Plos General
"plays with toys appropriately", Plos General
"not engaging in any specific play activity", Plos General
"gross motor skills", ASDPTO,ADAR
"inspected toys but did not play with toys", Plos General
"fascinated by the sound when computer is turned on; when air is squeezed out of bottle", Plos General
"receptive semantics", ASDPTO,ADAR
"autism spectrum disorder related condition", ADAR
"offering comfort", ADAR
"tends to communicate by grunting & screaming", Plos General
"aggressive behavior", ASDPTO,ADAR
"repetitive hand washing", Plos General
"social interaction limited, particularly in group setting", Plos General
"stereotypical movements", Plos General
"tolerant of cold", Plos General
"self help skills definite loss", ADAR
"deliberate self-harm", Plos General
"picking at her nose for hours at a time", Plos General
"definite lack of appreciation of social cues contexts or requirements", ADAR
"bowel disorders", ADAR
"impairment of sharing good thing", ADAR
"systemic lupus erythematosus", ASDPTO
"conversation flows", ADAR
"series of short lasting attachments to unusual objects", ADAR
"conversational skills", ASDPTO,ADAR
"history of failure to develop peer relationships", Plos General
"impairment of non-verval social interaction", ADAR
"functional use", ADAR
"very significant lack of interest in make-believe play", Plos General
"inability to play with other children", Plos General
"differently interacting with other children", Plos General
"space perception", ASDPTO,ADAR
"repetitive finger movements", Plos General
"some bringing things andor showing but associated with preoccupations", ADAR
"onset as preceived with hindsight", ADAR
"peer interactions are directed by other children", Plos General
"expressive syntax", ASDPTO,ADAR
"repetitively lining up toys", Plos General
"developmental capability", ADAR
"limited vocabulary", Plos General
"very little spontaneous speech", ADAR
"first and second person confusion after phrase speech established", ADAR
"lost any interest in playing interactive games", Plos General
"preparing for tasks", ASDPTO,ADAR
"spontaneously pointing", ADAR
"definite preoccupation that causes substantial interference or social impairment", ADAR
"playing for long periods with trains, arranging and rearranging in different patterns", Plos General
"lacks spontaneous make believe play", Plos General
"no pragmatic language", Plos General
"lack of expressive language", Plos General
"spontaneously engaging in other children", Plos General
"regularly predictable reciprocal social smiling", ADAR
"little or no interest in or response to people", ADAR
"immoderate behavior", ASDPTO,ADAR
"actively seeks and plays cooperatively in several different groups", ADAR
"notavailable pointing", ADAR
"body posture", ADAR
"tactile defensiveness (finger paints, playdough, shaving cream, etc.)", Plos General
"hand shaking", Plos General
"abnormal activity or energy level", ASDPTO
"unusual posturing; jumping while holding crotch", Plos General
"prefers to play alone", Plos General
"adherence to rituals and routines", ASDPTO,ADAR
"does not play with toys appropriately", Plos General
"insufficient language to show change communicative intent", ADAR
"obstetric delivery procedures", ASDPTO
"picks at nose stereotypically with thumb and index finger", Plos General
"eye contact", ASDPTO,ADAR
"ability to convey information", ASDPTO,ADAR
"complaints and indications", ASDPTO
"difficulty answering questions", Plos General
"rett syndrome", ASDPTO
"facial expressions almost always appropriate to mood situation and context", ADAR
"shows little interest in toys", Plos General
"spends much time filtering corn through his hands", Plos General
"doesn't have much interaction with children", Plos General
"acquisition of bladder control", ADAR
"likes repetition and routine", Plos General
"obsessed with tire swings, color yellow (stacking only yellow blocks, using only yellow crayons)", Plos General
"intentional bad behavior", ASDPTO,ADAR
"awareness of social and personal space", ASDPTO,ADAR
"he does not talk", Plos General
"twirling and spinning", Plos General
"does not use gestures to communicate", Plos General
"cell function", ADAR
"occasional placement of others hand as a tool", ADAR
"limited speech", Plos General
"biologic function", ADAR
"gastrointestinal diseases", ASDPTO
nk articulation
"problem solving ability", ASDPTO,ADAR
"eye contact was marginal, usually fleeting, typified by lack of social acknowledgment", Plos General
"self help skills no loss", ADAR
"preoccupied with medical instruments", Plos General
"attention to voice", ADAR
"loss of communicative intent", ADAR
"receptive syntax", ASDPTO,ADAR
"idiosyncratic and routinized speech", ASDPTO,ADAR
"understanding the effect of one's actions", ASDPTO
"she certainly does not seek out attention", Plos General
"stereotypic movements", Plos General
"very little eye contact with others", Plos General
"assessment result", ADAR
"offering to share notavailable", ADAR
"probable loss of communicative intent", ADAR
"fascination with engines and keys", Plos General
"eye contact was variable", Plos General
"definite loss of communicative intent", ADAR
"fearful to try new activities", Plos General
"always been a loner", Plos General
"speech with abnormality", ADAR
"spontaneous imitation limited to a few familiar routines that are not incorporated into play", ADAR
"definite repetitive preoccupation that intrudes into family life", ADAR
"working memory", ASDPTO,ADAR
"profound language delay", Plos General
"definite sensitivity to noises and interfere with family routines", ADAR
"generically dependent continuant", ADAR
"likes to line objects up", Plos General
"definite unusual reactions to minor changes in subjects own routines", ADAR
"sharing in interests of others", ASDPTO,ADAR
"interested in interacting with family or other children", Plos General,Plos General
"verbal repetition", Plos General
"clapping hands on thighs in a very rapid fashion", Plos General
"fascinated by mechanical objects", Plos General
"has social interaction with other children", Plos General
"definite circumscribed interest that does not cause substantial interference with social functioning", ADAR
"no evidence of toandfro socal play", ADAR
"poverty of facial expression", Plos General
"loss of syntactical skills", ADAR
"psychologic indications", ASDPTO
eye contact very difficult
"social interaction capability", ADAR
"personal traits", ASDPTO,ADAR
"stereotyped, repetitive behavior", Plos General
"string 2 to 3 words together at a time", Plos General
"nothing to suggest imitation", Plos General
nk five meaningful words use
"plays by himself", Plos General
"impairment of play behavior", ADAR
"no spontaneous social interaction", Plos General
"injury or poisoning", ADAR
"if the routines of her life are broken, she becomes quite angry", Plos General
"no definite loss of syntactical skills", ADAR
"doesn't play games with family members or friends", Plos General
"recognition and responsiveness to voice", ASDPTO,ADAR
"play linked to highly stereotyped use of objects", ADAR
"does not mix with other children", Plos General
"neologisms idiosyncratic language", ADAR
"hand flapping when agitated", Plos General
"loss of language skills associated meningeal or encephalitic involvement", ADAR
"tends to relate to objects as their parts as opposed to their whole", Plos General
"difficult to maintain eye contact", Plos General
"no use", ADAR
"imitative social play notavailable", ADAR
"compulsion for jigsaw puzzles", Plos General
"atypical pragmatic language skills", Plos General
"inconsistent eye contact", Plos General
"no meaningful interaction with toys", Plos General
"may use eye gaze or vocalization", ADAR
"no pretend play", ADAR
"consistently nods spontaneously", ADAR
"pointing to express interest", ADAR
"association of loss of language with physical illness", ADAR
"if this activity is disrupted (lining up objects), he exhibits anger", Plos General
"fascination with water", Plos General
"head injury", ASDPTO
"semantic-pragmatic impairment", Plos General
"other complex mannerisms or stereotyped body movements notavailable", ADAR
"language non-existent", Plos General
"moving his jaw, rubbing his hands together", Plos General
"little or no repetitive use of objects", ADAR
"did not actively engage with this examiner", Plos General
"no eye contact", Plos General
"asperger syndrome", ASDPTO
"not really connected socially", Plos General
"definite unusual and marked resistance to trivial changes in the environment", ADAR
"spins around in circles", Plos General
"preoccupation with water", Plos General
"interacted with toys only by naming them", Plos General
"interpersonal interactions", ASDPTO,ADAR
"involuntary behaviors", ASDPTO,ADAR
"variety of pretend play", ADAR
"uninterested in interacting with family or other children", Plos General,Plos General
"facial expression range notavailable", ADAR
"cardiovascular diseases", ASDPTO
"appears not to pick up on conversational cues well", Plos General
"play is limited and quite stereotypic", Plos General
"repetitively playing with water", Plos General
"mental flexibility", ASDPTO,ADAR
"parallel play only", Plos General
"twisting his nipples, repetitively striking his finger against table", Plos General
"bites fingers until red and swollen", Plos General
"avoided direct gaze", Plos General
"cannot initiate conversation", Plos General
"social engagement and responsiveness possible loss", ADAR
"unusual noises", Plos General
"engaging in social conversation", ASDPTO,ADAR
"perseverates on various topics", Plos General
"making hee-haw sounds", Plos General
"repeatedly turning over hands", Plos General
"eye contact is virtually nill", Plos General
"speech delayed", Plos General
"poor treatment by others in social settings", ASDPTO,ADAR
"repetition, nos", Plos General
"seems to parrot or mimic what is said", Plos General
"brief definit direct gaze", ADAR
"natural process or phenomenone nos", ADAR
"social dependence on others", ASDPTO,ADAR
"receptive & expressive language difficulties", Plos General
"not available nodding", ADAR
"difficulty sustaining conversation", Plos General
"imitative social play", ADAR
"tends to twirl ropes or strings throughout the house repetitively", Plos General
"regular showing of objects by bringing and directing attention", ADAR
"played with toys by mother's side", Plos General
"slow to talk", Plos General
"lack of communicator initiative & responsiveness", Plos General
"does not have good peer relationships", Plos General
"congenital kidney defect", ASDPTO
"not interacting socially with others", Plos General
"social engagement and responsiveness definite loss", ADAR
"stomach ulcer", ASDPTO
"autoimmune diseases", ASDPTO
"processual entity", ADAR
"finger flicking", Plos General
"impairment in eye-to-eye gaze", Plos General
"decreased eye contact", Plos General
"endocrine system diseases", ASDPTO
"inspected toys and played with toys", Plos General
"little social interaction with others", Plos General
"not socially connected to parents", Plos General
"temporal interval", ADAR
"self-injurious behavior", ASDPTO,ADAR,Plos General
"body temperature changes", ASDPTO
"interacted with examiner in quiet, withdrawn manner", Plos General
"repetitive actions", ASDPTO,ADAR
"inflexibility with regard to routines", Plos General
"receptive language", ASDPTO,ADAR
"loves to spin", Plos General
"definite sensitivity to noises that are not distressing to most other people", ADAR
"did initiate contact", Plos General
"makes effort at maintaining routine", Plos General
"no circumscribed interests", ADAR
"intentional cruelty", ASDPTO,ADAR
"substance abuse", ASDPTO
"does not initiate any social behavior with family or individuals", Plos General
"no complex mannerisms or stereotyped body movements", ADAR
"lack of 'connecting'", Plos General
"appropriateness of social responses", ADAR
"eye contact non-existent", Plos General
"engaging in social play", ASDPTO,ADAR
"spontaneous imitations of vocalization", ADAR
"difficulty using non-verbal communication", Plos General
"prefers a consistent routine; cries if changes are made", Plos General
"very little in the way of social responsiveness or rapport", Plos General
"congenital rubella syndrome", ASDPTO
"awareness and avoidance of danger", ASDPTO,ADAR
"speech tendsortended to be more repetitive than most subject", ADAR
"spontaneous imitation of a varied range of nontaught actions", ADAR
"interested in interacting with other children", Plos General
"social interaction clearly disturbed", Plos General
"interacts with peers", Plos General
"motor milestones", ADAR
"does not engage in meaningful reciprocal social interactions", Plos General
"cry as hypersensitive to stimulus", Plos General
"thyroid diseases", ASDPTO
"does not appropriately respond verbally", Plos General
"plays alone", Plos General
"eye contact difficult to obtain, tended to be fleeting", Plos General
"procedures during pregnancy", ASDPTO
"cranial nerve diseases", ASDPTO
"speech peculiar or difficult to understand", ADAR
"circumscribed interests notavailable", ADAR
"loss of language skills or other skills", ADAR
"abnormal speech", ADAR
"psychiatric hospitalization", ASDPTO
"fine motor skills", ASDPTO,ADAR
"unusually negative reaction to minor changes in subjects own routines", ADAR
"isolated cognitive skills", ASDPTO,ADAR
"shows no interest in other children", ADAR
"stereotypical utterances", Plos General
"prader-willi syndrome", ASDPTO
"processual context", ADAR
"play on trampoline for hours", Plos General
"complications in infancy", ASDPTO
"non-verbal communication", ASDPTO,ADAR
"suggests imitation", Plos General
"has partial response or indirect physical approach", ADAR
"receptive morphology", ASDPTO,ADAR
"comprehension of simple language notavailable", ADAR
"cannot be engaged", Plos General
"interest with mechanical devices", Plos General
"spatiotemporal region", ADAR
"intermittent eye contact", Plos General
"no attempt to interact with examiner", Plos General
"lead exposure", ASDPTO
"walks in straight and specific patterns", Plos General
"observes other children rather than join in", Plos General
"quite marked resistance to change", Plos General
"spontaneous imitation of actions notavailable", ADAR
"ritualistic behavior", Plos General
"poor eye contact", Plos General
"refer to self by name afterphrase speech established", ADAR
"fragile x syndrome", ASDPTO
"some repetitive use of objects", ADAR
"visual perception", ASDPTO,ADAR
"dependent continuant", ADAR
"repetitious, recitation-like quality", Plos General
"peer interactions are directed by self", Plos General
"interacted with toys in addition to naming them", Plos General
"echolalic tendencies in his toddler years", Plos General
"congenital abnormalities", ASDPTO
"eye contact never established", Plos General
"frequent attempts to direct attention to things enjoys", ADAR
"insists on sameness", Plos General
"social interest", ASDPTO,ADAR
"needs lots of structure and consistency", Plos General
"normal social play", ADAR
"no functional language", Plos General,Plos General
"easily upset by change in routines", Plos General
"difficulty establishing close relationships", Plos General
"diabetes mellitus type 1", ASDPTO
nk communicative intent
"savant positive", ADAR
"compulsions or rituals", ADAR
"mental retardation", ASDPTO
somewhat withdrawn
"connected spatiotemporal region", ADAR
"limited interaction with other individuals", Plos General,Plos General
"very preoccupied with cartoons", Plos General
"no words", Plos General
"very limited eye contact", Plos General
"delay language", Plos General
"atypical child with whom to interact", Plos General
"occasional placement of others hand on objects", ADAR
"limited spontaneous use", ADAR
"sometimes making poor eye contact", Plos General
"avoided eye contact", Plos General
"hitting himself on head", Plos General
"general self stimulation", Plos General
"preoccupied with touching things", Plos General
"he did not initiate eye contact", Plos General
"refused efforts to interact", Plos General
"social engagement and responsiveness no loss", ADAR
"use of everyday household items", ASDPTO,ADAR
"no problems noted by parents", ADAR
"some self-stimulatory behavior", Plos General
"first walked unaided", ADAR
"process boundary", ADAR
"scattered temporal region", ADAR
"some self-stimulating verbal activity - stereotype behavior of naming letters & some numbers with articulation", Plos General
"perseverative at watching videos and other activities", Plos General
"insistence on order", ASDPTO,ADAR
"angry in response to change in routine", Plos General
"phrases are almost exclusively stereotyped utterances", ADAR
"hyper- or hypo-reactivity to sensory input or unusual interest in sensory aspects of environment; (such as apparent indifference to pain/heat/cold, adverse response to specific sounds or textures, excessive smelling or touching of objects, fascination with lights or spinning objects).", Plos General
"fascinated by spinning objects", Plos General
"picks at his skin", Plos General
"one or more relationships with person in approximately own age group", ADAR
"social anxiety", ASDPTO,ADAR
"predictable abnormal idiosyncratic negative response to one or more sensory stimuli some intrusion to ordinary activities", ADAR
"speech tone high-pitched", Plos General
"plays randomly with toys", Plos General
"imaginative play", ADAR
"fixated on horses", Plos General
"genetic function", ADAR
"age parents first noticed something was mot right", ADAR
"eye contact of marginal quality", Plos General
"play is limited to a few preferred items", Plos General
"eye to eye gaze", ADAR
"expressive language, often echolalic-like", Plos General
"one dimensional region", ADAR
"delayed language abilities", Plos General
"integrated verbal and nonverbal communication", ASDPTO,ADAR
"makes scarce eye contact", Plos General
"much of his speech is repetitive", Plos General
"depressive disorder", ASDPTO
"development in the dirst 3 years of life clearly normal", ADAR
"muscle weakness", ASDPTO
"neurologic indications", ASDPTO
"pregnancy outcome", ASDPTO
"did not sustain eye contact", Plos General
"independent continuant", ADAR
"peculiar, avoidant, disengaged", Plos General
"bacterial infections", ASDPTO
"reciprocal conversation", ADAR
"she did not engage in my obvious pretend play", Plos General
"response inhibition", ASDPTO,ADAR
"sense of disconnectedness was frequently present", Plos General
"initiates little in the way of contact with friends", Plos General
"seeks out contact with other children", Plos General
"tolerant of heat", Plos General
"behaves as if deaf", Plos General
"fails to use language as a form of social interaction", Plos General
"some clear positive responses and interactions", ADAR
"problems present in first 12 months", ADAR
"playing excessively with certain objects", Plos General
"speech, aprosodic", Plos General
"delayed articulation", Plos General
"pronominal reversal", ADAR
"some echolalia", Plos General
"language delays", Plos General
"direct gaze", ADAR
"can usually get object from another room when requested", ADAR
"arm waving when excited", Plos General
"some evidence of smiling while looking at people", ADAR
"self injurious behavior", Plos General
"did not participate in any turn taking activities", Plos General
"irritable bowel syndrome", ASDPTO
"awareness of social cues", ASDPTO,ADAR
"staring into mirror, lights", Plos General
"never offers comfort to others", ADAR
"angelman syndrome", ASDPTO
"solitary in his play", Plos General
"understands fewer than 50 words", ADAR
"watches children, but doesn't participate", Plos General
"often repeats phrases from videos", Plos General
"definite loss of articulation", ADAR
"no loss of language skills", ADAR
"lack of appropriate guilt", ASDPTO,ADAR
"only rarely likes to play with other children", Plos General
"speech and language delay", Plos General
"some evidence of echolalia", Plos General
"limited attempt", ADAR
"verbal rituals", ADAR
"delayed speech", Plos General
"medium insistence on sameness", ADAR
"seems to want to be in the same room as other children, but is not actively involved in their activity", Plos General
"opens and closes toy car doors and looks inside over and over", Plos General
"insufficient language to show change five meaningful words use", ADAR
"schizophrenia and disorders with psychotic features", ASDPTO
"facial expression is lacking for any social interchange", Plos General
"migraine disorders", ASDPTO
"no conversational speech", Plos General
"no voluntary interaction with therapist", Plos General
"made intermittent eye contact", Plos General
"toys not used in any purposeful manner", Plos General
"medical history", ASDPTO
"ability to sustain speech", ADAR
"loss of language skills but not associated with physical illness", ADAR
"interest in children", ADAR
"lacks socialization skills with other children", Plos General
"responds to parentsorcaregiver and others in familiar settings", ADAR
"ability to convey correct information", ASDPTO
"unusual sensory interests", ASDPTO,ADAR,ADAR
"restrictive behavior, interests, and activities", Plos General
"daily spontaneous and meaningful speech", ADAR
"peer relationship", ADAR
"no eye gaze and vocalization", ADAR
"severe speech/language retardation", Plos General
"difficulty making conversation", Plos General
"suspicious of others", ASDPTO
"only occasional midline hand movements", ADAR
"easily upset when routines are broken", Plos General
"obsesses on bendable objects", Plos General
"zero interaction with people", Plos General
"able to initiate a social interaction", Plos General
"marked mannerisms associated with social impairment", ADAR
loss of language skills nk
"withdrawn, passive behavior", Plos General
"obsessive rituals before going to bed, opening cupboards", Plos General
"smith-lemli-opitz syndrome", ASDPTO
"rare or no social approaches of showing and directing attention", ADAR
"no confusion after pharse speech with pronoun use established", ADAR
"play is extremely limited", Plos General
"speech delays", Plos General
"play behavior", ADAR
"socially, he is a loner", Plos General
"executive function", ASDPTO,ADAR
"refusing to eat food if not cut in a certain way", Plos General
"imaginary play great", Plos General
"rigidity of routines", Plos General
"apgar score", ASDPTO
"idiosyncratic movements, walking fingers across table", Plos General
"verbal communication", Plos General
"normal reciprocal direct gaze", ADAR
"intonation volume rhythm rate notavailable", ADAR
"preoccupation with cutting up paper into small pieces", Plos General
"language continues to be quite stereotypical and quite echolalic", Plos General
"constructive or imaginative play no loss", ADAR
"he only plays by himself", Plos General
"tuberous sclerosis", ASDPTO,ADAR
"decreased interaction with other children", Plos General
"preoccupation with bouncing ball", Plos General
"repetitive head banging", Plos General
"very little interaction with people around him", Plos General
"he only provides a fleeting eye contact", Plos General
"high-pitched and repetitive vocalizations", Plos General
"usually looks up and pays attention when spoken to", ADAR
"destructive behavior", ASDPTO,ADAR
"repetitive clapping", Plos General
"vineland survey interview - 2005", ADAR
"herpesviridae infections", ASDPTO
"maintenance and organization of possessions", ASDPTO,ADAR
"repetitive use of objects or interest in parts of objects notavailable", ADAR
"arm biting", Plos General
"self-harm, deliberate", Plos General
"little or no comprehension of words", ADAR
"plugging ear with thumb", Plos General
"autistic disorder", ASDPTO
"he likes to spin and twirl", Plos General
"social disinhibition notavailable", ADAR
"nonverbal social interaction capability", ADAR
"down syndrom", ADAR
"self help skills", ADAR
"engages in much imaginative play", Plos General
"hyper-reactivity to sensory input", Plos General
"rarely or never uses stereotyped phrases", ADAR
"consistent lack of social reciprocity", Plos General
"metabolic indications", ASDPTO
"imaginative play notavailable", ADAR
"regression of language skills", ASDPTO,ADAR
"not interested in interacting with other children", Plos General
"likes to be around children, doesn't play with them", Plos General
"flexibly and spontaneously offers comfort", ADAR
"task completion", ASDPTO,ADAR
"unusual preoccupations", ADAR
"diminished eye contact with examiner", Plos General
"high insistence on sameness", ADAR
"adherence to routine", Plos General
"perinatal history", ASDPTO
"social verbalization chat", ADAR
"facial expression", ADAR
"likes to spin in circles", Plos General
"relatively poor social interaction", Plos General
"relating to others", ASDPTO,ADAR
"range of facial expressions used to communicate", ADAR
"intense interests", ASDPTO,ADAR
"first walked unaided milestone not reached", ADAR
"usually watches other children or indicates interest in them to caregiver", ADAR
"restricted and unusual interests", ASDPTO,ADAR
"repetitive stereotypical behavior", ADAR
"central nervous system diseases", ASDPTO
"initiates social exchanges", Plos General
"difficulty with changes in routine", Plos General
"overall speech is delayed", Plos General
"interpersonal awareness", ASDPTO,ADAR
"motor perseveration", ASDPTO,ADAR
"some evidence of reciprocal social smiling", ADAR
"cranial anomalies", ADAR
"response to approaches of other children notavailable", ADAR
"does not use pronouns", Plos General
"impaired social interaction", Plos General
"inappropriate facial expressions notavailable", ADAR
"echo reaction", Plos General
"does not play with other children", Plos General
"no predictable abnormal idiosyncratic negative response to specific sensoty stimuli", ADAR
"understands many words", ADAR
"risk factor", ADAR
"excessive focus on cars and trains", Plos General
"certainly does seek out attention", Plos General
"reciprocal social interaction", ASDPTO,ADAR
"molecular function", ADAR
"social disinhibition", ADAR
"one or more activities that subject has to preform in a special way if disrupted appears to be under marked pressure", ADAR
"narrowed involvement with play activities", Plos General
"some social use", ADAR
"parallel play", Plos General
"peculiar preoccupation with horizontal and vertical planes", Plos General
"refineable entity", ADAR
"non-verbal social skills are poor", Plos General
"no imitative play", Plos General
"friendships notavailable", ADAR
"fascinated by anything with letters", Plos General
"she does engage in interactive play with other children easily", Plos General
"shows one or two unusual interests regularly", ADAR
"strange, unusual 'oowing' noise", Plos General
"plays abnormally with toys", Plos General
"fills and empties bank with coins repeatedly", Plos General
"eating ability", ASDPTO,ADAR
"problems not present before first birthday", ADAR
"stereotypic play with wheels", Plos General
"parents describe him as a loner", Plos General
"motor skills", ASDPTO,ADAR,ADAR
"pregnancy complications", ASDPTO
"distant or preoccupied affect", ASDPTO,ADAR
"restricted and repetitive behavior", ASDPTO,ADAR
"making voices", Plos General
"no social responsiveness", Plos General
"preoccupied with wires and cords", Plos General
"doesn't play with anyone", Plos General
"sometimes nods spotaneously", ADAR
"abnormal response to sound", Plos General
"delayed; articulation", Plos General
"imaginative play with peers", ADAR
"impaired social interactions", Plos General
"some echolalic tendencies were heard", Plos General
"social reciprocity", ADAR
"purposive hand movements", ADAR
"slapping hands under chin", Plos General
"playing with cage / netting over and over", Plos General
"echophrasia", Plos General
"finger wiggling", Plos General
"trouble making eye contact", Plos General
"does not usually play with other children", Plos General
"does not use body posture to communicate", Plos General
"sharing good thing", ADAR
"language development", ASDPTO,ADAR
"expressive lexicon", ASDPTO,ADAR
"not delayed word", ADAR
"use of free time", ASDPTO,ADAR
"form perception", ASDPTO,ADAR
"group play with peers", ADAR
"problems with reciprocal social interactions", Plos General
"no play with other children or not pretend play even on own", ADAR
"resists being held, hugged or shown physical affection", Plos General
"looking through you, content to be in her own little world", Plos General
"attention deficit disorder with hyperactivity", ASDPTO
"does not play with toys in the fashion intended", Plos General
"mask-like facial expression", Plos General
"impairment of peer relationship", ADAR
"little eye contact", Plos General
"intonation volume rhythm rate", ADAR
"low repetitie sensory motion", ADAR
"will manipulate things, take things apart", Plos General
"aprosodic speech", Plos General
"upset if meals don't occur at exactly the same time", Plos General
"organ or tissue function", ADAR
"has no unusual sensory interests", ADAR
"she has no words", Plos General
"shows poor eye contact", Plos General
"difficulty understanding appropriate use of pronouns and speaking", Plos General
"eye contact fair", Plos General
"inappropriate facial expressions", ADAR
"usually plays alone", Plos General
"rarely offers comfort or only in odd ways", ADAR
"adaptive life skills", ASDPTO,ADAR
"sits on bed and rocks", Plos General
"uses only single words", Plos General
"shows a need for routine", Plos General
"does not interact much with other children", Plos General
"speech echolalic", Plos General
"repeating sounds in perseverative way", Plos General
"hand licking", Plos General
"delayed; speech", Plos General
nk syntactical skills
"definite loss of syntactical skills", ADAR
"no phrases", ADAR
"acquisition of bowel control", ADAR
"head shaking", ADAR,Plos General
"impairment of communication capability", ADAR
"does not seek out contact with other children", Plos General
"perseverates on a single topic", Plos General
"likes to have matters on things the same", Plos General
"bothered by loud volume on radio", Plos General
"social smiling notavailable", ADAR
"pronominal confusion other", ADAR
"no imaginative play", Plos General
"he can be totally absorbed in watching television", Plos General
"insistence on routine", ASDPTO,ADAR
"significant lack in communication skills", Plos General
"limited eye contact", Plos General
"loves to tap finger on table", Plos General
"inappropriate eating behavior", Plos General
"one or more relationships that involve some personal shared activities", ADAR
"repeating words", Plos General
"not delayed phrases", ADAR
"has unusual sensory interest that takes up a major amount of time", ADAR
"memorization of lengthy book passages", Plos General
"very rare or no spontaneous imitation", ADAR
"repetitive speech", Plos General
"initiates social behavior with family or individuals", Plos General
"prefers to look at people out of corner of eye", Plos General
"eye contact fleeting", Plos General
"social smiling", ADAR
"spoke in broken sentences ('me do')", Plos General
"celiac disease", ASDPTO
"zero dimensional region", ADAR
"repetitive, stereotypic utterances", Plos General
"definite frequent hand mannerisms or finger flicking", ADAR
"hand clapping", Plos General
"has friends, but is socially inept", Plos General
"delayed echolalia", Plos General
"turning water and light switches on and off", Plos General
"development or regression of language skills", ASDPTO,ADAR
"repetitive spinning of whole body", Plos General
"uninterested in playing with other children", Plos General
"development probably abnormal by the age of 3 years", ADAR
"flapping movements of hands", Plos General
"participation in athletic activities", ASDPTO,ADAR
"avoidant of mutual play", Plos General
"consistently uses eye gaze with vocalization", ADAR
"limited social interaction", Plos General
"decreased social interactions", Plos General
"definite frequent other mannerisms or stereotypies", ADAR
"delayed phrases", ADAR
"fascinated with dolls that have eyes that open and close", Plos General
"he has a fascination with objects", Plos General
"marked mannerisms of type specified", ADAR
"congenital heart defects", ASDPTO
"three dimensional region", ADAR
"eye contact abnormal", Plos General
"has had profound language delay", Plos General
"tipping a cup of water into the sink over and over", Plos General
"visual thinking", ASDPTO,ADAR
"little or no reciprocal conversation", ADAR
"plays with people as objects", Plos General
"trouble playing with toys", Plos General
"uncertain occasional direct gaze", ADAR
"inappropriate questions or statements", ADAR
"repetitive activities such as counting objects", Plos General
"has about five words", Plos General
"zero interactive play", Plos General
"overall level of language", ADAR
"delayed walked unaided", ADAR
"hypersensitive to stimuli", Plos General
"notavailable head shaking", ADAR
"no change or loss", ADAR
"lack of facial expression", Plos General
"self concept", ASDPTO,ADAR
"realizable entity", ADAR
"anger control", ASDPTO,ADAR
"reaction, echo", Plos General
"impulse control and regulation", ASDPTO,ADAR
"memorizing telephone numbers", Plos General
"none resistance to trivial changes in the environment", ADAR
"performance of household tasks", ASDPTO,ADAR
"loss of articulation", ADAR
"produced speech or sounds upon request", ADAR
"does not engage in reciprocal play", Plos General
"plays for long periods by himself", Plos General
"has manifested stereotypic - like movements", Plos General
"very focused and intense on single activities / objects to the point of tuning everyone out", Plos General
"most of time he plays by himself", Plos General
"acquisition of control certainty", ADAR
"tapping finger and thumb together", Plos General
"social engagement and responsiveness", ADAR
"very little eye contact", Plos General
"spinning wheels of toys", Plos General
"occasionally echolalic", Plos General
"spatial region", ADAR
"lines up objects", Plos General
"tourette syndrome", ASDPTO
"no indication of creative or representational play", Plos General
"childhood disintegrative disorder", ASDPTO,ADAR
"regard for customs and manners", ASDPTO,ADAR
"likes to watch wheels spin", Plos General
"looked at me only fleetingly", Plos General
"continues stereotypical play", Plos General
"has few toys", Plos General
"offering comfort notavailable", ADAR
"play linked to highly stereotyped use of objects and prevents other activities", ADAR
"picking or pulling hair out", Plos General
"enjoys spinning wheels of cars", Plos General
"toe-walking gait", Plos General
"loss of skills", ADAR
"socially, he isolates himself", Plos General
"generally responsive to other childrens approaches", ADAR
"expressive language", ASDPTO,ADAR
"speech delay", Plos General
"only plays by lining things up", Plos General
vocabulary term
"enters into interactions with other children", Plos General
"no sharing", ADAR
"substance abuse during pregnancy", ASDPTO
"fiat process part", ADAR
"resistance to trivial changes in the environment not directly affecting the subject", ADAR
"delayed; language", Plos General
"preoccupation with television", Plos General
"no spontaneous speech", Plos General
"difficulty playing with peers, particularly in terms of both initiating and maintaining contact", Plos General
"engages in meaningful reciprocal social interactions", Plos General
"natural phenomenon or process", ADAR
"participation in play activities", ASDPTO,ADAR
"assiduously avoided any eye contact", Plos General
"isolative behavior", Plos General
"does not engage in much imaginative play", Plos General
"ability to engage in casual conversation", ASDPTO,ADAR
"dietary supplements", ASDPTO
"pacing the floor", Plos General
"focused attention on wheels of car", Plos General
"little or no emotions indication facial expression range", ADAR
"hand flapping", Plos General
"shows interest in peer relations", Plos General
"some stereotypic hand movements were observed", Plos General
"ringing of hands", Plos General
"reaction to unexpected change", ASDPTO,ADAR
"probable loss of five meaningful words use", ADAR
"not attending to social approaches from adults", Plos General
"hand and finger mannerisms notavailable", ADAR
"autism spectrum disposition", ADAR
"number of rituals", Plos General
"self-destructive behavior", Plos General
"sorting ability", ASDPTO,ADAR
"present or absent", ADAR
"alcohol drinking", ASDPTO
"abnormal non-verbal communication", Plos General
"inappropriate questions or statements notavailable", ADAR
"very poor eye contact", Plos General
"eats abnormal objects", Plos General
"pounds head", Plos General
"keeps to self", ASDPTO,ADAR
"did not establish good eye contact", Plos General
"he did not provide any eye contact", Plos General
"spinning wheels repetitively", Plos General
"clear social quality", ADAR
"delayed or lack of receptive language", Plos General
"abstract thinking", ASDPTO,ADAR
"mostly ignored me", Plos General
"significantly delayed speech and language development", Plos General
"blowing on hand", Plos General
"combined communication and social intereaction functioning", ADAR
"difficulty with social interaction", Plos General
"seeking to share herhis enjoyment with others notavailable", ADAR
"finger flicking in front of face", Plos General
"showing emotion", ASDPTO,ADAR
"some cooperative play but of insufficient initiative", ADAR
"did not initiate any interaction, verbal or nonverbal", Plos General
"level of communicative language before loss", ADAR
"managing internal emotions", ASDPTO,ADAR
"home life skills", ASDPTO,ADAR
"unusual hand movements", Plos General
"notavailable conventional or instrumental gestures", ADAR
"perinatal exposures", ASDPTO
"language delay", Plos General
"acquisition of bladder control daytime", ADAR
"changes can be very upsetting to her", Plos General
"sing-songy sounds", Plos General
"probable loss of syntactical skills", ADAR
"functional laterality", ASDPTO,ADAR
"no systematic, interactive non-verbal communication", Plos General
"rarely establishes eye contact", Plos General
"pathologic function nos", ADAR
"self-stimulatory behaviors including spinning", Plos General
"qualitative measure", ADAR
"social competence", ASDPTO,ADAR
"some speech to alert caregiver", ADAR
"fast forward and rewinds videos to which he is deeply attached and sleeps with", Plos General
"attention and focus", ASDPTO,ADAR
"insufficient language to show change in articulation", ADAR
"rapid finger movements", Plos General
"stereotypic finger movements", Plos General
"social awkwardness", ASDPTO,ADAR
"uses people as objects", Plos General
"repetitive spinning of objects", Plos General
"initiate any interaction, verbal or nonverbal", Plos General
"fewer than five words total or speech not used on a daily basis", ADAR
"plays with manipulative toys", Plos General
"mental process", ADAR
"reaction to sensory stimuli", ASDPTO,ADAR
"definite unusual and marked resistance to minor changes in subjects own routines", ADAR
"process aggregate", ADAR
"citation record", ADAR
"engaging in specific play activity", Plos General
"motor skills no loss", ADAR
"understanding the effect of ones actions", ADAR
"some pretend play", ADAR
"he cannot tolerate changes in his routine", Plos General
"disregards all attempts to interact with him", Plos General
"becomes upset if parents fail to follow specific car route", Plos General
did not initiate any eye contact
"he will resist being held, hugged or shown physical affection", Plos General
"hand sucking", Plos General
"is in his own little world", Plos General
"spontaneous social interaction", Plos General
"interacting socially with others", Plos General
"interaction with people", Plos General
"socially disconnected", Plos General
"no functional use of three-word phrases", ADAR
"becomes very upset with change to his routine", Plos General
"stereotyped utterances and delayed echolalia notavailable or no phrase", ADAR
"does not play with manipulative toys", Plos General
"imitative play", Plos General
"loves to spin in circles", Plos General
"circumscribed interests", ADAR
"avoids play with his peers", Plos General
"only a few toys with which he will play", Plos General
"age group", ADAR
"midline hand movements notavailable", ADAR
"runs on tip toes", Plos General
"no definite loss of five meaningful words use", ADAR
"emotional traits", ASDPTO,ADAR
"definite circumscribed interest that causes clear cut social impairment", ADAR
"regression of general skills", ASDPTO,ADAR
"comprehension of simple language", ADAR
"no definite loss of articulation", ADAR
"no unusual preoccupation", ADAR
"minimal interaction with examiner", Plos General
"usually does not look up or pay attention when spoken to", ADAR
"adherence to rules in the community", ASDPTO,ADAR
"repeats / imitates almost all words said to him", Plos General
"pronominal confusion when asking a question", ADAR
"imaginary play minimal", Plos General
"echolalia tendencies heard", Plos General
"offering to share", ADAR
"unusual sounds such as squealing or guttural sounds", Plos General
"is interactive", Plos General
"probable loss of articulation", ADAR
